HashTag,CreatedTime,LastModifiedTime,State
feminism,2016-01-23 11:13:15,2019-05-09 22:38:45,Unfollow
professionalwomen,2016-01-23 11:13:15,2016-01-23 11:13:15,Follow
womeninscience,2016-01-23 11:13:15,2016-01-23 11:13:15,Follow
gender,2016-01-23 11:13:15,2016-01-23 11:13:15,Follow
socialentrepreneurship,2016-01-23 11:12:58,2016-01-23 11:12:58,Follow
philanthropy,2016-01-23 11:12:58,2016-01-23 11:12:58,Follow
fundraising,2016-01-23 11:12:58,2016-01-23 11:12:58,Follow
programming,2016-01-23 11:12:39,2016-01-23 11:12:39,Follow
softwareengineering,2016-01-23 11:12:39,2016-01-23 11:12:39,Follow
softwaredesign,2016-01-23 11:12:39,2016-01-23 11:12:39,Follow
agilesoftwaredevelopment,2016-01-23 11:12:39,2016-01-23 11:12:39,Follow
